{"DurationID_1": 0.9293394760609618, "DurationID_2": 0.7450806872462096, "DurationID_3": 0.9451672449544086, "DurationID_4": 0.9820676955883039}