{"DurationID_1": 0.930589283774217, "DurationID_2": 0.7486884517290072, "DurationID_3": 0.9400510699022185, "DurationID_4": 0.9800460495036013}