{"DurationID_1": 0.9309670197408875, "DurationID_2": 0.7554912959710222, "DurationID_3": 0.9432589382206237, "DurationID_4": 0.9821371145206576}